{
  "columns": [
    {
      "tasks": ["9", "18", "23", "26", "27", "34", "43", "48"],
      "title": "Backburner",
      "id": "1"
    },
    {
      "tasks": ["10", "17", "30", "32", "35", "38"],
      "title": "Ready",
      "id": "2"
    },
    {
      "tasks": ["2", "3", "8", "15", "19", "21", "24", "28", "42", "50"],
      "title": "In Progress",
      "id": "3"
    },
    {
      "tasks": ["5", "6", "14", "22", "29", "41"],
      "title": "Verifying",
      "id": "4"
    },
    {
      "tasks": [
        "4",
        "11",
        "12",
        "13",
        "25",
        "33",
        "36",
        "37",
        "39",
        "46",
        "47"
      ],
      "title": "Waiting for Deployment",
      "id": "5"
    },
    {
      "tasks": ["1", "7", "16", "20", "31", "40", "44", "45", "49"],
      "title": "Deployed",
      "id": "6"
    }
  ],
  "tasks": [
    {
      "user": "1",
      "column": "6",
      "title": "Calculate customizable global open system",
      "id": "1"
    },
    {
      "user": "10",
      "column": "3",
      "title": "Copy re-engineered neutral database",
      "id": "2"
    },
    {
      "user": "1",
      "column": "3",
      "title": "Quantify re-engineered upward-trending standardization",
      "id": "3"
    },
    {
      "user": "7",
      "column": "5",
      "title": "Bypass cloned human-resource knowledge base",
      "id": "4"
    },
    {
      "user": "10",
      "column": "4",
      "title": "Generate distributed heuristic archive",
      "id": "5"
    },
    {
      "user": "9",
      "column": "4",
      "title": "Synthesize reduced multi-tasking encoding",
      "id": "6"
    },
    {
      "user": "4",
      "column": "6",
      "title": "Reboot multi-layered zero administration system engine",
      "id": "7"
    },
    {
      "user": "9",
      "column": "3",
      "title": "Compress upgradable stable strategy",
      "id": "8"
    },
    {
      "user": "1",
      "column": "1",
      "title": "Navigate de-engineered eco-centric installation",
      "id": "9"
    },
    {
      "user": "4",
      "column": "2",
      "title": "Reboot vision-oriented holistic protocol",
      "id": "10"
    },
    {
      "user": "5",
      "column": "5",
      "title": "Compress robust heuristic installation",
      "id": "11"
    },
    {
      "user": "2",
      "column": "5",
      "title": "Override profit-focused coherent application",
      "id": "12"
    },
    {
      "user": "5",
      "column": "5",
      "title": "Quantify proactive client-server access",
      "id": "13"
    },
    {
      "user": "9",
      "column": "4",
      "title": "Copy balanced radical archive",
      "id": "14"
    },
    {
      "user": "5",
      "column": "3",
      "title": "Hack synergized 4th generation success",
      "id": "15"
    },
    {
      "user": "2",
      "column": "6",
      "title": "Index digitized attitude-oriented implementation",
      "id": "16"
    },
    {
      "user": "5",
      "column": "2",
      "title": "Hack automated modular access",
      "id": "17"
    },
    {
      "user": "7",
      "column": "1",
      "title": "Override profit-focused coherent application",
      "id": "18"
    },
    {
      "user": "6",
      "column": "3",
      "title": "Back up virtual background paradigm",
      "id": "19"
    },
    {
      "user": "10",
      "column": "6",
      "title": "Quantify proactive client-server access",
      "id": "20"
    },
    {
      "user": "1",
      "column": "3",
      "title": "Quantify balanced radical archive",
      "id": "21"
    },
    {
      "user": "5",
      "column": "4",
      "title": "Transmit multi-lateral zero defect throughput",
      "id": "22"
    },
    {
      "user": "8",
      "column": "1",
      "title": "Synthesize de-engineered eco-centric installation",
      "id": "23"
    },
    {
      "user": "5",
      "column": "3",
      "title": "Index digitized attitude-oriented implementation",
      "id": "24"
    },
    {
      "user": "9",
      "column": "5",
      "title": "Back up switchable next generation intranet",
      "id": "25"
    },
    {
      "user": "8",
      "column": "1",
      "title": "Bypass digitized clear-thinking firmware",
      "id": "26"
    },
    {
      "user": "1",
      "column": "1",
      "title": "Calculate stand-alone needs-based pricing structure",
      "id": "27"
    },
    {
      "user": "10",
      "column": "3",
      "title": "Copy optimized contextually-based toolset",
      "id": "28"
    },
    {
      "user": "3",
      "column": "4",
      "title": "Transmit optimized contextually-based toolset",
      "id": "29"
    },
    {
      "user": "1",
      "column": "2",
      "title": "Back up switchable upward-trending array",
      "id": "30"
    },
    {
      "user": "9",
      "column": "6",
      "title": "Reboot seamless bi-directional capacity",
      "id": "31"
    },
    {
      "user": "10",
      "column": "2",
      "title": "Input configurable global help-desk",
      "id": "32"
    },
    {
      "user": "7",
      "column": "5",
      "title": "Calculate digitized clear-thinking firmware",
      "id": "33"
    },
    {
      "user": "8",
      "column": "1",
      "title": "Override re-engineered upward-trending standardization",
      "id": "34"
    },
    {
      "user": "4",
      "column": "2",
      "title": "Back up universal empowering product",
      "id": "35"
    },
    {
      "user": "8",
      "column": "5",
      "title": "Quantify ameliorated multimedia groupware",
      "id": "36"
    },
    {
      "user": "1",
      "column": "5",
      "title": "Reboot networked mobile moratorium",
      "id": "37"
    },
    {
      "user": "8",
      "column": "2",
      "title": "Bypass universal empowering product",
      "id": "38"
    },
    {
      "user": "4",
      "column": "5",
      "title": "Override ameliorated multimedia groupware",
      "id": "39"
    },
    {
      "user": "5",
      "column": "6",
      "title": "Back up customizable client-driven encoding",
      "id": "40"
    },
    {
      "user": "9",
      "column": "4",
      "title": "Hack multi-layered zero administration system engine",
      "id": "41"
    },
    {
      "user": "1",
      "column": "3",
      "title": "Navigate visionary fresh-thinking instruction set",
      "id": "42"
    },
    {
      "user": "7",
      "column": "1",
      "title": "Program organized maximized firmware",
      "id": "43"
    },
    {
      "user": "8",
      "column": "6",
      "title": "Bypass customizable global open system",
      "id": "44"
    },
    {
      "user": "7",
      "column": "6",
      "title": "Bypass de-engineered full-range extranet",
      "id": "45"
    },
    {
      "user": "4",
      "column": "5",
      "title": "Quantify upgradable stable strategy",
      "id": "46"
    },
    {
      "user": "3",
      "column": "5",
      "title": "Synthesize balanced radical archive",
      "id": "47"
    },
    {
      "user": "4",
      "column": "1",
      "title": "Index digitized attitude-oriented implementation",
      "id": "48"
    },
    {
      "user": "7",
      "column": "6",
      "title": "Override customizable global open system",
      "id": "49"
    },
    {
      "user": "8",
      "column": "3",
      "title": "Copy persevering encompassing middleware",
      "id": "50"
    }
  ],
  "users": [
    {
      "tasks": ["1", "3", "9", "21", "27", "30", "37", "42"],
      "realName": "Dr. Stephen Strange",
      "alterEgo": "Doctor Strange",
      "id": "1"
    },
    {
      "tasks": ["12", "16"],
      "realName": "Thor Odinson",
      "alterEgo": "Thor",
      "id": "2"
    },
    {
      "tasks": ["29", "47"],
      "realName": "Janet Van Dyne",
      "alterEgo": "Wasp",
      "id": "3"
    },
    {
      "tasks": ["7", "10", "35", "39", "46", "48"],
      "realName": "Peter Parker",
      "alterEgo": "Spider-man",
      "id": "4"
    },
    {
      "tasks": ["11", "13", "15", "17", "22", "24", "40"],
      "realName": "Ryan Choi",
      "alterEgo": "The Atom",
      "id": "5"
    },
    {
      "tasks": ["19"],
      "realName": "Remy Etienne LeBeau",
      "alterEgo": "Gambit",
      "id": "6"
    },
    {
      "tasks": ["4", "18", "33", "43", "45", "49"],
      "realName": "Tony Stark",
      "alterEgo": "Iron Man",
      "id": "7"
    },
    {
      "tasks": ["23", "26", "34", "36", "38", "44", "50"],
      "realName": "Ms. Marvel",
      "alterEgo": "Carol Danvers",
      "id": "8"
    },
    {
      "tasks": ["6", "8", "14", "25", "31", "41"],
      "realName": "Silvija Sablinova",
      "alterEgo": "Silver Sable",
      "id": "9"
    },
    {
      "tasks": ["2", "5", "20", "28", "32"],
      "realName": "Natasha Romanova",
      "alterEgo": "Black Widow",
      "id": "10"
    }
  ]
}
